<?xml version="1.0" encoding="utf-8"?>
<!DOCTYPE hibernate-configuration PUBLIC
"-//Hibernate/Hibernate Configuration DTD 3.0//EN"
"http://www.hibernate.org/dtd/hibernate-configuration-3.0.dtd">
<hibernate-configuration>
    <session-factory>
    	<property name="hibernate.enable_lazy_load_no_trans">true</property>
  		<mapping class="com.tma.entities.Role" />
        <mapping class="com.tma.entities.User" />
        <mapping class="com.tma.entities.Device" />
        <mapping class="com.tma.entities.UserDevice" />
    </session-factory>
</hibernate-configuration>
